word,pos
slavishness,NOUN
abhorring,NOUN
passivism,NOUN
discomfits,NOUN
consequentialist,NOUN
judgmentalism,NOUN
niebuhrian,PROPN
ressentiment,NOUN
constitutionalize,VERB
exclusionist,NOUN
cravenness,ADJ
postmodernists,VERB
arrogation,NOUN
caviling,VERB
essentialist,NOUN
heterodoxy,PROPN
absolutist,NOUN
irreconcilability,NOUN
unilateralism,NOUN
exceptionalists,NOUN
charlatanry,NOUN
intransigently,ADV
reactionary,ADJ
exceptionalist,NOUN
instrumentalization,NOUN
burkean,PROPN
delegitimation,NOUN
quietism,NOUN
misandry,VERB
vulgarisation,NOUN
declinism,NOUN
particularist,NOUN
establishmentarian,ADJ
contemptuous,ADJ
monarchism,NOUN
temporize,VERB
bureaucratisation,NOUN
pusillanimity,NOUN
presumptuousness,NOUN
deracination,VERB
russophobic,ADJ
sneered,VERB
mad,ADJ
exasperated,VERB
sympathic,ADJ
exclaim,VERB
maddens,NOUN
incredulous,ADJ
disconcerts,NOUN
discomfit,VERB
schoolmarmish,VERB
disdainful,ADJ
insolent,NOUN
amused,VERB
angry,ADJ
indignant,NOUN
cringe,VERB
unnerving,VERB
annoyed,VERB
blunt,NOUN
thickheaded,VERB
riled,VERB
sneering,VERB
